Workbook

Sheet Январь
A1: Анализ продаж торговой фирмы "МУСОР"
A2: Наименова-ние товара | B2: Цена за единицу (у.е.) | D2: Предложе-ние (шт.) | E2: Продажа | H2: Выручка от продаж, у.е. | I2: Остаток на складе
B3: Нал. | C3: Безнал. | E3: Нал. | F3: Безнал. | G3: Всего
A4: Телевизор | B4: 300 | C4: 310 | D4: 20 | E4: 5 | F4: 10 | G4: =E4+F4 -> 15 | H4: =B4*E4+C4*F4 -> 4600 | I4: =D4-G4 -> 5
A5: Кофеварка | B5: 200 | C5: 205 | D5: 25 | E5: 5 | F5: 7 | G5: =E5+F5 -> 12 | H5: =B5*E5+C5*F5 -> 2435 | I5: =D5-G5 -> 13
A6: Музыкаль-ный центр | B6: 275 | C6: 280 | D6: 30 | E6: 9 | F6: 7 | G6: =E6+F6 -> 16 | H6: =B6*E6+C6*F6 -> 4435 | I6: =D6-G6 -> 14
A7: Видеокамера | B7: 415 | C7: 430 | D7: 10 | E7: 2 | F7: 8 | G7: =E7+F7 -> 10 | H7: =B7*E7+C7*F7 -> 4270 | I7: =D7-G7 -> 0
A8: Фотоаппарат | B8: 50 | C8: 51 | D8: 100 | E8: 57 | F8: 34 | G8: =E8+F8 -> 91 | H8: =B8*E8+C8*F8 -> 4584 | I8: =D8-G8 -> 9

Sheet Февраль
A1: Анализ продаж торговой фирмы "МУСОР"
A2: Наименова-ние товара | B2: Цена за единицу (у.е.) | D2: Предложе-ние (шт.) | E2: Продажа | H2: Выручка от продаж, у.е. | I2: Остаток на складе
B3: Нал. | C3: Безнал. | E3: Нал. | F3: Безнал. | G3: Всего
A4: Телевизор | B4: 300 | C4: 300 | D4: 20 | E4: 10 | F4: 8 | G4: =E4+F4 -> 18 | H4: =B4*E4+C4*F4 -> 5400 | I4: =D4-G4 -> 2
A5: Кофеварка | B5: 201 | C5: 105 | D5: 21 | E5: 5 | F5: 7 | G5: =E5+F5 -> 12 | H5: =B5*E5+C5*F5 -> 1740 | I5: =D5-G5 -> 9
A6: Музыкаль-ный центр | B6: 275 | C6: 180 | D6: 302 | E6: 9 | F6: 7 | G6: =E6+F6 -> 16 | H6: =B6*E6+C6*F6 -> 3735 | I6: =D6-G6 -> 286
A7: Видеокамера | B7: 315 | C7: 330 | D7: 50 | E7: 2 | F7: 8 | G7: =E7+F7 -> 10 | H7: =B7*E7+C7*F7 -> 3270 | I7: =D7-G7 -> 40
A8: Фотоаппарат | B8: 50 | C8: 51 | D8: 100 | E8: 57 | F8: 34 | G8: =E8+F8 -> 91 | H8: =B8*E8+C8*F8 -> 4584 | I8: =D8-G8 -> 9

Sheet Март
A1: Анализ продаж торговой фирмы "МУСОР"
A2: Наименова-ние товара | B2: Цена за единицу (у.е.) | D2: Предложе-ние (шт.) | E2: Продажа | H2: Выручка от продаж, у.е. | I2: Остаток на складе
B3: Нал. | C3: Безнал. | E3: Нал. | F3: Безнал. | G3: Всего
A4: Телевизор | B4: 303 | C4: 310 | D4: 25 | E4: 5 | F4: 10 | G4: =E4+F4 -> 15 | H4: =B4*E4+C4*F4 -> 4615 | I4: =D4-G4 -> 10
A5: Кофеварка | B5: 201 | C5: 205 | D5: 23 | E5: 5 | F5: 7 | G5: =E5+F5 -> 12 | H5: =B5*E5+C5*F5 -> 2440 | I5: =D5-G5 -> 11
A6: Музыкаль-ный центр | B6: 175 | C6: 280 | D6: 35 | E6: 9 | F6: 7 | G6: =E6+F6 -> 16 | H6: =B6*E6+C6*F6 -> 3535 | I6: =D6-G6 -> 19
A7: Видеокамера | B7: 412 | C7: 430 | D7: 10 | E7: 2 | F7: 8 | G7: =E7+F7 -> 10 | H7: =B7*E7+C7*F7 -> 4264 | I7: =D7-G7 -> 0
A8: Фотоаппарат | B8: 54 | C8: 51 | D8: 100 | E8: 57 | F8: 34 | G8: =E8+F8 -> 91 | H8: =B8*E8+C8*F8 -> 4812 | I8: =D8-G8 -> 9

Sheet Итог
A1: Сводные показатели за 1 квартал
A2: Наименование товара | B2: Продано (шт.) | C2: Выручка за 1 квартал, у.е.
B3: =Март!$G$4 -> 15
B4: =Февраль!$G$4 -> 18
B5: =Январь!$G$4 -> 15
C6: =Март!$H$4 -> 4615
C7: =Февраль!$H$4 -> 5400
C8: =Январь!$H$4 -> 4600
C9: =Март!$H$4 -> 4615
C10: =Февраль!$H$4 -> 5400
C11: =Январь!$H$4 -> 4600
C15: =Март!$H$4 -> 4615
C16: =Февраль!$H$4 -> 5400
C17: =Январь!$H$4 -> 4600
C18: =Март!$H$4 -> 4615
C19: =Февраль!$H$4 -> 5400
C20: =Январь!$H$4 -> 4600
C21: =SUM(C18:C20) -> 14615
C22: =Март!$H$5 -> 2440
C23: =Февраль!$H$5 -> 1740
C24: =Январь!$H$5 -> 2435
C25: =SUM(C22:C24) -> 6615
C26: =Март!$H$6 -> 3535
C27: =Февраль!$H$6 -> 3735
C28: =Январь!$H$6 -> 4435
C29: =SUM(C26:C28) -> 11705
C30: =Март!$H$7 -> 4264
C31: =Февраль!$H$7 -> 3270
C32: =Январь!$H$7 -> 4270
A42: Телевизор | B42: =SUM(B3:B5) -> 48 | C42: =SUM(C30:C32) -> 11804
C70: =SUM(C31:C42) -> 19344
C74: =SUM(C32:C70) -> 35418
C78: =SUM(C42:C74) -> 66566
C82: =SUM(C70:C78) -> 121328
C83: =SUM(C74:C82) -> 223312
C84: =SUM(C78:C83) -> 411206
C85: =SUM(C82:C84) -> 755846
C86: =SUM(C83:C85) -> 1390364
C87: =SUM(C84:C86) -> 2557416
C88: =SUM(C85:C87) -> 4703626
C89: =SUM(C86:C88) -> 8651406
C90: =SUM(C87:C89) -> 15912448
C91: =SUM(C88:C90) -> 29267480
C92: =SUM(C89:C91) -> 53831334
C93: =SUM(C90:C92) -> 99011262
C94: =SUM(C91:C93) -> 182110076
C95: =SUM(C92:C94) -> 334952672
C96: =SUM(C93:C95) -> 616074010
... C132: =SUM(C129:C131) -> 2.0749749e+18
B133: =Март!$G$5 -> 12 | C133: =SUM(C130:C132) -> 3.8164739e+18
C134: =SUM(C131:C133) -> 7.0195899e+18
C135: =SUM(C132:C134) -> 1.2911039e+19
C136: =SUM(C133:C135) -> 2.3747102e+19
B137: =Февраль!$G$5 -> 12 | C137: =SUM(C134:C136) -> 4.3677731e+19
C138: =SUM(C135:C137) -> 8.0335872e+19
C139: =SUM(C136:C138) -> 1.4776071e+20
C140: =SUM(C137:C139) -> 2.7177431e+20
B141: =Январь!$G$5 -> 12 | C141: =SUM(C138:C140) -> 4.9987089e+20
C142: =SUM(C139:C141) -> 9.194059e+20
C143: =SUM(C140:C142) -> 1.6910511e+21
C144: =SUM(C141:C143) -> 3.1103279e+21
A145: Кофеварка | B145: =SUM(B133:B141) -> 36 | C145: =SUM(C142:C144) -> 5.7207849e+21
B146: =Март!$G$6 -> 16 | C146: =SUM(C143:C145) -> 1.0522164e+22
B147: =Февраль!$G$6 -> 16 | C147: =SUM(C144:C146) -> 1.9353277e+22
B148: =Январь!$G$6 -> 16 | C148: =SUM(C145:C147) -> 3.5596225e+22
A149: Музыкаль-ный центр | B149: =SUM(B146:B148) -> 48 | C149: =SUM(C146:C148) -> 6.5471666e+22
B150: =Март!$G$7 -> 10 | C150: =SUM(C147:C149) -> 1.2042117e+23
B151: =Февраль!$G$7 -> 10 | C151: =SUM(C148:C150) -> 2.2148906e+23
B152: =Январь!$G$7 -> 10 | C152: =SUM(C149:C151) -> 4.0738189e+23
A153: Видеокамера | B153: =SUM(B150:B152) -> 30 | C153: =SUM(C150:C152) -> 7.4929212e+23
B154: =Март!$G$8 -> 91 | C154: =SUM(C151:C153) -> 1.3781631e+24
B155: =Февраль!$G$8 -> 91 | C155: =SUM(C152:C154) -> 2.5348371e+24
B156: =Январь!$G$8 -> 91 | C156: =SUM(C153:C155) -> 4.6622923e+24
A157: Фотоаппарат | B157: =SUM(B154:B156) -> 273 | C157: =SUM(C154:C156) -> 8.5752924e+24
